id,employer,date,start_time,end_time,location,website,audience,programs,description
2174,Actv8 Marketing,"January 7, 2014",11:30 AM,1:30 PM,TC 2218,,Co-op Students, ALL - Business,
2247,Mozilla,"January 7, 2014",11:30 AM,1:30 PM,SCH - Laurel Room,careers.mozilla.org/,Co-op Students,"ENG - Software, MATH - Information Technology Management, MATH - Computer Science",
2255,Facebook,"January 7, 2014",2:00 PM,4:00 PM,TC 2218,facebook.com,Co-op and Graduating Students,"MATH - Computer Science, MATH - Computational Mathematics, ENG - System Design, ENG - Software, ENG - Computer",
2219,Audatex Canada,"January 7, 2014",5:00 PM,7:00 PM,TC 2218 ,,Co-op Students,"MATH - Information Technology Management, ENG - System Design, ENG - Software, ENG - Computer",
2307,Amazon,"January 7, 2014",7:30 PM,9:00 PM,SCH - Festival Room,www.amazon.com/college,Co-op Students,"MATH - Computer Science, MATH - Computational Mathematics, ENG - Software, ENG - Computer",
2248,Enflick,"January 8, 2014",11:30 AM,1:30 PM,TC 2218,,Co-op and Graduating Students,"ALL - MATH faculty, ENG - System Design, ENG - Architecture, ALL - ENG faculty, ENG - Software, ENG - Nanotechnology, ENG - Mechatronics, ENG - Mechanical, ENG - Management, ENG - Geological, ENG - Environmental, ENG - Electrical, ENG - Computer, ENG - Civil, ENG - Chemical",
2218,Facebook,"January 8, 2014",5:00 PM,7:00 PM,TC 2218,FACEBOOK.COM,Co-op and Graduating Students,"ENG - Computer, ENG - Electrical, ENG - Mechatronics, ENG - Software, ENG - System Design",
2168,Deloitte,"January 8, 2014",7:30 PM,9:00 PM,SCH - Festival Room,,Co-op and Graduating Students,"MATH - Mathematical Studies, MATH - Mathematical Physics, MATH - Mathematical Optimization, MATH - Mathematical Finance, MATH - Mathematical Economics, MATH - Math & Business, MATH - Information Technology Management, MATH - Bioinformatics, ALL - MATH faculty, ENG - System Design, ENG - Software, ENG - Mechatronics, ENG - Mechanical, ENG - Management, ENG - Geological, ENG - Environmental, ENG - Electrical, ENG - Computer, ENG - Civil, ENG - Chemical, ALL - ENG faculty,  ALL - Info Tech",
2216,CPP Investment Board,"January 9, 2014",11:30 AM,1:30 PM,TC 2218,CPPIB.COM,Co-op Students,"SCI - Science & Business, MATH - Statistics, MATH - Pure Mathematics, MATH - Mathematical Studies, MATH - Mathematical Physics, MATH - Mathematical Optimization, MATH - Mathematical Finance, MATH - Mathematical Economics, MATH - Math & Business, MATH - Financial Analysis & Risk Management, MATH - Computing & Financial Management, MATH - Computer Science, MATH - Computational Mathematics, MATH - Combinatorics & Optimization, MATH - Business Administration, ALL - MATH faculty, MATH - Actuarial Science, ENG - System Design, ENG - Management, ENG - Computer, CA - Chartered Accounting, ARTS - Financial Management, ARTS - Economics, ARTS - Arts & Business,  ALL - Info Tech,  ALL - Business",
2169,Dropbox,"January 9, 2014",5:00 PM,7:00 PM,DC 1302,,Co-op Students,"ENG - Software, MATH - Computer Science, ENG - Computer",
2236,Bloomberg,"January 9, 2014",7:30 PM,9:00 PM,DC 1301,,Co-op and Graduating Students,"ENG - System Design, ENG - Software, SCI - Physics, ENG - Mechatronics, ENG - Mechanical, ALL - MATH faculty, MATH - Mathematical Studies, MATH - Mathematical Physics, MATH - Mathematical Finance, MATH - Mathematical Economics, MATH - Math & Business, ENG - Management, MATH - Information Technology Management,  ALL - Info Tech, ALL - ENG faculty, ENG - Electrical, MATH - Computer Science, ENG - Computer, MATH - Computational Mathematics, ENG - Civil, ENG - Chemical, MATH - Applied Mathematics",
2284,EY (formerly known as Ernst &Young),"January 10, 2014",11:30 AM,1:30 PM,TC 2218,www.ey.com/ca/apply,Co-op Students,"MATH - Mathematical Physics, MATH - Mathematical Optimization, MATH - Mathematical Finance, MATH - Mathematical Economics, MATH - Information Technology Management, MATH - Computing & Financial Management, MATH - Computer Science, MATH - Bioinformatics, ALL - MATH faculty, MATH - Math & Business, ENG - System Design, ENG - Software, ENG - Mechatronics, ENG - Management, ENG - Geological, ENG - Environmental, ENG - Electrical, ENG - Computer, ALL - ENG faculty, CA - All,  ALL - Info Tech,  ALL - Business, CA - Chartered Accounting,  ALL - Accounting",
2243,Blue Coat Systems,"January 13, 2014",11:30 AM,1:30 PM,TC 2218,,Co-op Students,"MATH - Scientific Computation, MATH - Computer Science, ENG - Computer, ENG - Software, ENG - System Design",
2292,Loyalty One,"January 13, 2014",2:30 PM,4:30 PM,SCH - Laurel Room,,Co-op Students,"SCI - Science & Business, MATH - Statistics, MATH - Pure Mathematics, MATH - Mathematical Finance, MATH - Mathematical Economics, MATH - Information Technology Management, MATH - Computing & Financial Management, MATH - Computer Science, MATH - Business Administration, MATH - Actuarial Science, MATH - Math & Business, ENV - Environment & Resource Studies, ENV - Environment & Business, ENG - Software, ARTS - Accounting & Financial Management, ARTS - Economics, ARTS - Economics,  ALL - Info Tech,  ALL - Business, CA - Chartered Accounting,  ALL - Accounting",
2213,BlackBerry,"January 13, 2014",4:30 PM,6:30 PM,SCH - Festival Room,www.blackberry.com,Co-op Students,"ALL - SCI faculty, MATH - Math & Business, MATH - Computer Science, ALL - MATH faculty, ENG - System Design, ENG - Software, ENG - Nanotechnology, ENG - Mechatronics, ENG - Management, ENG - Electrical, ENG - Computer,  ALL - Business","The \'for sale\' sign has been taken down and we are here to stay. The BlackBerry student program has been further refined. Each of our opportunities offers meaningful, hands on experience working alongside industry experts.                                                                                                 As students at BlackBerry, you are an important part of our culture and integral in the success of our business.  BlackBerry provides you the opportunity to be amazing! We offer a dynamic work environment where you are encouraged to achieve your highest potential.    Bring your resume and join us on campus at our information session, where you will have a chance to network with BlackBerry professionals and find out more about what we have to offer. Please RSVP if you will be attending this session or cancel the session if you have registered for this and no longer want to attend it."
2172,Palantir Technologies,"January 13, 2014",7:30 PM,9:00 PM,SCH Festival Room,,Co-op and Graduating Students,"MATH - Computer Science, MATH - Computational Mathematics, MATH - Actuarial Science, ENG - Software, ENG - Computer","Some of our favourite comfort food & drinks will be provided. Enter raffle to win a prize!  Please join Palantir Technologies to learn about Raven, Palantir\'s high-scale geoanalytical platform. Our software engineers will talk through Raven\'s role in the Typhoon Haiyan relief effort and discuss some of the technical challenges involved in making a map product interactive with millions of geographic features. View a live demo of our data fusion platforms, and learn how you can be a part of our mission. www.palantir.com We are hiring! http://www.palantir.com/careers/OpenPositionLanding"
2300,Microsoft Canada Co.,"January 13, 2014",7:30 PM,9:00 PM,DC 1301,,Co-op Students,"MATH - Mathematical Optimization, MATH - Mathematical Finance, MATH - Mathematical Economics, MATH - Financial Analysis & Risk Management, ENV - Environment & Business, ARTS - Political Science, ARTS - Human Resources Management, ALL - ARTS faculty,  ALL - Info Tech,  ALL - Business,  ALL - Accounting",
2229,CIBC Technology,"January 14, 2014",11:30 AM,1:30 PM,TC 2218,,Co-op Students, ALL - Info Tech,
2296,Suncor Energy,"January 14, 2014",11:30 AM,1:30 PM,DC 1302,www.suncor.com,Co-op and Graduating Students,"ENG - Mechanical, ENG - Electrical, ENG - Civil, ENG - Chemical","You want to learn more about a key industry in Canada - the energy sector - come join us at our Info Session! You\'ll hear first hand from hiring managers and ex co-ops about the challenging projects, and the well established student program at Suncor\'s Ontario and Alberta regions.   You will be impressed by our interesting projects, community spirit, and dynamic environment.   See you then!"
2266,Big Viking Games,"January 14, 2014",2:30 PM,4:30 PM,Bombshelter,www.bigvikinggames.com,Co-op and Graduating Students,ENG - Computer,
2215,LinkedIn ,"January 14, 2014",5:00 PM,7:00 PM,TC 2218,,Co-op Students,"ENG - Computer, MATH - Computer Science, ENG - Software",
2295,Suncor Energy,"January 14, 2014",5:30 PM,7:30 PM,DC 1302,www.suncor.com,Co-op and Graduating Students, ALL - Business,"You want to learn more about a key industry in Canada - the energy sector - come join us at our Info Session! You\'ll hear first hand from hiring managers and ex co-ops about the challenging projects, and the well established student program at Suncor\'s Ontario and Alberta regions.   You will be impressed by our interesting projects, community spirit, and dynamic environment.   See you then!"
2223,VMware,"January 14, 2014",7:30 PM,9:00 PM,TC 2218,,Co-op and Graduating Students,"MATH - Computer Science, ENG - System Design, ENG - Software, ENG - Computer",
2176,Bazaarvoice,"January 15, 2014",11:30 AM,1:30 PM,TC 2218,bazaarvoice.com,Co-op and Graduating Students,"ENG - System Design, ENG - Software, ENG - Electrical, MATH - Computer Science, ENG - Computer",
2359,Actv8 Marketing,"January 15, 2014",11:30 AM,1:30 PM,SCH - Laurel Room,www.actv8.com,Co-op Students, ALL - Business,
2166,Microsoft,"January 15, 2014",7:30 PM,9:00 PM,SCH- Festival Room,,Co-op and Graduating Students,"ENG - System Design, ENG - Software, MATH - Pure Mathematics, ENG - Mechatronics, ENG - Mechanical, ALL - MATH faculty, MATH - Mathematical Studies, MATH - Mathematical Physics, MATH - Mathematical Optimization, MATH - Mathematical Finance, MATH - Mathematical Economics, MATH - Bioinformatics, MATH - Math & Business, ENG - Management,  ALL - Info Tech, ENG - Geological, ENG - Environmental, ALL - ENG faculty, ENG - Electrical, ENG - Computer, ENG - Civil, ENG - Chemical",
2354,Muskoka Roastery Coffee Co,"January 16, 2014",11:30 AM,1:30 PM,SCH - Laurel Room,www.muskokaroastery.com,Co-op Students,"SCI - Science & Business, MATH - Math & Business, ENV - Environment & Business, ARTS - Arts & Business, AHS - Recreation & Leisure Studies, AHS - Recreation & Business Management,  ALL - Business","The Muskoka Roastery Coffee Co. is located in Huntsville, Ontario. Our mission is to handcraft the best coffee, and celebrate and protect the natural splendour of Muskoka.  Our Brand Activation Specialists will be conducting, demonstrations and events at grocery stores, cafes and around the community to raise awareness of the brand, stimulate trial and build relationships with customers and consumers. "
2285,DBRS Global Technology,"January 16, 2014",2:00 PM,4:00 PM,DC 1302,www.dbrs.com,Co-op and Graduating Students,"MATH - Teaching, MATH - Statistics for Health, MATH - Statistics, MATH - Scientific Computation, MATH - Pure Mathematics, MATH - Mathematical Studies, MATH - Mathematical Physics, MATH - Mathematical Optimization, MATH - Mathematical Finance, MATH - Mathematical Economics, MATH - Information Technology Management, MATH - Financial Analysis & Risk Management, MATH - Computing & Financial Management, MATH - Computer Science, MATH - Computational Mathematics, MATH - Combinatorics & Optimization, MATH - Business Administration, MATH - Bioinformatics, MATH - Applied Mathematics, MATH - Actuarial Science, ALL - MATH faculty, MATH - Math & Business, ENG - System Design, ENG - Software, ENG - Nanotechnology, ENG - Mechatronics, ENG - Mechanical, ENG - Management, ENG - Geological, ENG - Environmental, ENG - Electrical, ENG - Computer, ENG - Civil, ENG - Chemical, ENG - Architecture, ALL - ENG faculty,  ALL - Info Tech","Like solving engineering and product challenges? Does the idea of working in a lean, start-up oriented team within the finance space sound interesting? Do you like pushing yourself on full-stack bleeding edge technology? Join DBRS Global Technology at our info session to find out more! www.facebook.com/DBRSGlobalTechnology"
2165,Twitter,"January 16, 2014",5:00 PM,7:00 PM,QNC - Seminar Room (0101),twitter.com,Co-op and Graduating Students,"MATH - Computer Science, ENG - System Design, ENG - Software, ENG - Computer",
2167,Google,"January 16, 2014",7:30 PM,9:00 PM,SCH - Festival Room,,Co-op Students,"ENG - System Design, ENG - Software, ENG - Electrical, MATH - Computer Science, ENG - Computer",
2245,FreshBooks - **CANCELLED**,"January 17, 2014",11:30 AM,1:30 PM,DC 1301,freshbooks.com/jobs/,Co-op and Graduating Students,"ENG - System Design, ENG - Software, ENG - Nanotechnology, ENG - Mechatronics, ENG - Mechanical, ENG - Management, ENG - Geological, ENG - Environmental, ENG - Electrical, ENG - Computer, ENG - Civil, ENG - Chemical, ENG - Architecture, ALL - ENG faculty",
2302,Pulse Energy,"January 17, 2014",11:30 AM,1:30 PM,DC 1304,www.pulseenergy.com,Co-op and Graduating Students,"MATH - Statistics, MATH - Mathematical Economics, MATH - Computer Science, MATH - Applied Mathematics, ARTS - Digital Arts Communication,  ALL - Info Tech",
2254,CGI ,"January 20, 2014",11:30 AM,1:30 PM,TC 2218,www.cgi.com,Co-op and Graduating Students," ALL - Business, ALL - ENG faculty, ARTS - Financial Management,  ALL - Info Tech, ALL - MATH faculty",
2298,Fairfax Financial Holdings Ltd,"January 20, 2014",3:30 PM,5:00 PM,TC 2218,co-op.fairfax.ca,Co-op Students,"MATH - Teaching, MATH - Statistics for Health, MATH - Statistics, MATH - Scientific Computation, MATH - Pure Mathematics, MATH - Mathematical Studies, MATH - Mathematical Physics, MATH - Mathematical Optimization, MATH - Mathematical Finance, MATH - Mathematical Economics, MATH - Math & Business, MATH - Information Technology Management, MATH - Financial Analysis & Risk Management, MATH - Computing & Financial Management, MATH - Computer Science, MATH - Computational Mathematics, MATH - Combinatorics & Optimization, MATH - Business Administration, MATH - Bioinformatics, MATH - Applied Mathematics, ALL - MATH faculty, MATH - Actuarial Science, ENG - System Design, ENG - Software, ENG - Nanotechnology, ENG - Mechatronics, ENG - Mechanical, ENG - Management, ENG - Geological, ENG - Environmental, ENG - Electrical, ENG - Computer, ENG - Civil, ENG - Chemical, ENG - Architecture, ALL - ENG faculty, ARTS - Political Science, ARTS - Accounting & Financial Management, ARTS - Human Resources Management, ARTS - Financial Management, ARTS - Economics, ARTS - Arts & Business, ALL - ARTS faculty,  ALL - Business",
2222,KIK Interactive,"January 20, 2014",5:00 PM,7:00 PM,Bombshelter,,Co-op Students,"MATH - Computer Science, MATH - Computational Mathematics, ENG - System Design, ENG - Software, ENG - Computer",
2312,GE Canada,"January 20, 2014",7:30 PM,9:00 PM,TC 2218,,Co-op Students,"ENG - Software, ENG - Mechanical, ENG - Electrical, ENG - Computer, ENG - Chemical, CA - All,  ALL - Info Tech,  ALL - Business",Your Future Works  www.campuscareers.ge.ca
2257,Facebook,"January 21, 2014",11:30 AM,1:30 PM,SCH - Laurel Room,,Co-op Students,"ENG - Electrical, ENG - Computer, MATH - Computer Science, ALL - MATH faculty",
2372,Maple Reinders Constructors,"January 21, 2014",11:30 AM,1:30 PM,DC - 1302,www.maple.ca,Co-op and Graduating Students,"ENG - Mechanical, ENG - Environmental, ENG - Civil",
2339,Plex Systems,"January 21, 2014",2:30 PM,4:30 PM,DC 1301,www.plex.com,Co-op Students,"MATH - Computer Science, ENG - Computer",
2177,Electronic Arts,"January 21, 2014",5:30 PM,7:30 PM,TC 2218 ,careers.ea.com/students,Co-op and Graduating Students,"ENG - Civil, ENG - Chemical, ENG - Architecture, ALL - ENG faculty, MATH - Computer Science, MATH - Applied Mathematics, ENG - System Design, ENG - Software, ENG - Nanotechnology, ENG - Mechatronics, ENG - Mechanical, ENG - Management, ENG - Geological, ENG - Environmental, ENG - Electrical, ENG - Computer",
2214,Zynga,"January 21, 2014",8:00 PM,9:30 PM,TC 2218,www.ZYNGA.COM/STUDENTS,Co-op and Graduating Students,"ENG - System Design, ENG - Software, ENG - Management, MATH - Computer Science, ENG - Computer",
2171,Desire2Learn,"January 22, 2014",11:30 AM,1:30 PM,TC 2218,,Co-op and Graduating Students,"ENG - Computer, MATH - Computer Science, ENG - Electrical, ENG - Software, ENG - System Design","Desire2Learn is helping to transform the way the world learns! We are in a period of rapid expansion and require the best of the best to help us design and deliver on our upcoming products. If you are looking for a chance to truly have an impact on a learning system used by over 10 million people worldwide (including University of Waterloo), visit our Networking Session to find out where you fit into our growth!"
2291,OANDA,"January 22, 2014",3:00 PM,5:00 PM,TC 2218,jobs.oanda.com,Co-op and Graduating Students,"ENG - System Design, ENG - Software, ENG - Computer,  ALL - Info Tech",
2161,McRae Integration,"January 22, 2014",5:00 PM,7:00 PM,DC 1301,www.mcreaintegration.com,Co-op and Graduating Students,"ENG - Computer, ENG - Civil, ENG - Chemical, ENG - Architecture, ALL - ENG faculty, ENG - System Design, ENG - Software, ENG - Nanotechnology, ENG - Mechatronics, ENG - Mechanical, ENG - Management, ENG - Geological, ENG - Environmental, ENG - Electrical",
2225,Nurun Inc.,"January 22, 2014",7:30 PM,9:00 PM,DC 1301,www.nurun.com/en/,Graduating Students,"MATH - Information Technology Management, MATH - Computer Science, ENG - System Design, ENG - Software, ENG - Computer","Nurun is a global design and technology consultancy that works with some of the world\'s most innovative companies. We create products and services for the connected world through a combination of human insight, new technology, and smart thinking. Clients include Adidas, BBVA, Bouygues Telecom, Coca-Cola, Electronic Arts, General Electric, Google, The Home Depot, Tesla Motors, Sony, and Wal-Mart.   Specialties Design Research, Transactional Platforms, Digital Products, User Interfaces, Service Design, Post-PC Ecosystems"
2212,Southeast University,"January 23, 2014",11:30 AM,1:30 PM,TC 2218,,Co-op Students,"ENG - Software, ENG - Nanotechnology, ENG - Mechatronics, ENG - Mechanical, ENG - Management, ENG - Geological, ENG - Environmental, ENG - Electrical, ENG - Computer, ENG - Civil, ENG - Chemical, ENG - Architecture, ALL - ENG faculty",
2350,"Audible.com, An Amazon Company","January 23, 2014",2:30 PM,4:30 PM,DC - 1301,www.audible.com,Co-op and Graduating Students,"MATH - Information Technology Management, MATH - Computer Science, ENG - Software, ENG - Computer,  ALL - Info Tech",
2360,Uken Games,"January 23, 2014",5:00 PM,7:00 PM,DC - 1301,www.uken.com,Co-op and Graduating Students,"MATH - Computer Science, ENG - System Design, ENG - Software, ENG - Electrical, ENG - Computer",Itching to Start a Company? 
2249,A Thinking Ape,"January 23, 2014",7:30 PM,9:00 PM,TC 2218,athinkingape.com,Co-op and Graduating Students,"MATH - Computer Science, ENG - System Design, ENG - Software, ENG - Electrical, ENG - Computer","Build Stuff NowPizza, swag & drinks will be provided"
2384,Thalmic Labs,"January 27, 2014",11:30 AM,1:30 PM,DC 1301,www.thalmic.com,Co-op and Graduating Students,"ENG - Mechanical, ENG - Electrical, ENG - Computer, ENG - Software, ENG - Mechatronics, MATH - Computer Science, ENG - System Design",
2299,SMART Technologies,"January 27, 2014",3:30 PM,5:00 PM,DC 1301,www.smartech.com,Co-op Students,"ENG - Computer, ENG - Electrical, ENG - Software, ENG - System Design, MATH - Computer Science",
2224,Khan Academy,"January 27, 2014",5:00 PM,7:00 PM,TC 2218,,Co-op and Graduating Students,"MATH - Computer Science, ALL - MATH faculty, ENG - System Design, ENG - Software, ENG - Nanotechnology, ENG - Mechatronics, ENG - Mechanical, ENG - Management, ENG - Environmental, ENG - Electrical, ENG - Computer, ENG - Civil, ENG - Chemical, ENG - Architecture, ALL - ENG faculty,  ALL - Info Tech","Khan Academy at Waterloo on Hacking School at Scale: Dylan Vassallo, a software developer at Khan Academy, will talk about the challenges and benefits of developing an educational website that scales to millions of learners every day."
2220,Yelp,"January 27, 2014",7:30 PM,9:00 PM,DC 1302,www.yelp.com/careers,Co-op and Graduating Students,"MATH - Computer Science, MATH - Computational Mathematics, ENG - Software, ENG - Electrical, ENG - Computer",
2268,Magnet Forensics,"January 28, 2014",11:30 AM,1:30 PM,DC 1304,www.magnetforensics.com,Co-op and Graduating Students,"ENG - System Design, ENG - Software, ENG - Nanotechnology, ENG - Management, ENG - Computer",
2226,Yext,"January 28, 2014",5:00 PM,7:00 PM,TC 2218,www.yext.com,Co-op and Graduating Students,"MATH - Computer Science, ENG - Software",
2282,Arista Networks,"January 29, 2014",11:30 AM,1:30 PM,DC 1301,www.aristanetworks.com,Co-op and Graduating Students,"MATH - Computer Science, ENG - Software, ENG - Mechanical, ENG - Electrical, ENG - Computer",
2309,Motorola Mobility,"January 29, 2014",2:30 PM,4:30 PM,DC 1301,,Co-op and Graduating Students,"MATH - Computer Science, ENG - System Design, ENG - Software, ENG - Computer",
2227,ThoughtWorks **CANCELLED**,"January 29, 2014",5:00 PM,7:00 PM,DC 1301,www.thoughtworks.com,Co-op and Graduating Students,"MATH - Computer Science, ENG - System Design, ENG - Software",
2313,XL Group plc,"January 29, 2014",5:00 PM,7:00 PM,SCH - Laurel Room,www.xlgroup.com/,Co-op Students,"MATH - Financial Analysis & Risk Management, MATH - Business Administration, MATH - Actuarial Science, ARTS - Financial Management",
2305,Newton North America,"January 29, 2014",5:30 PM,7:00 PM,DC 1302,www.newton-na.com,Graduating Students,"ENG - Nanotechnology, ENG - Mechatronics, ENG - Mechanical, ENG - Management, ENG - Electrical",
2333,Noom,"January 29, 2014",7:30 PM,9:00 PM,DC 1301,noom.com,Co-op and Graduating Students,"MATH - Computer Science, ALL - MATH faculty, ENG - System Design, ENG - Software, ENG - Computer",
2290,EY (formerly known as Ernst &Young),"January 30, 2014",11:30 AM,1:30 PM,TC 2218,,Co-op Students,"CA - All,  ALL - Accounting","EY is a global professional services organization providing advisory, assurance, tax and transaction services. We are committed to doing our part in building a better working world for our people, our clients and our communities. And we are united by our shared values and a dedication to delivering exceptional client service.  We would like to invite you to come out and learn about our firm and our student programs. Our campus recruiting team will be on site to provide information on our upcoming Global Perspectives Series (GPS) and Emerging Leaders Program (ELP). These programs are happening in the next few month and we would love for you to get involved!  This event is aimed at first year students looking to pursue a CA/CPA designation.  Dress Code - Casual"
2301,Maplesoft,"January 30, 2014",11:30 AM,1:30 PM,DC 1301,,Co-op and Graduating Students,"MATH - Statistics for Health, MATH - Statistics, MATH - Scientific Computation, MATH - Pure Mathematics, MATH - Mathematical Studies, MATH - Mathematical Physics, MATH - Mathematical Optimization, MATH - Mathematical Finance, MATH - Mathematical Economics, MATH - Information Technology Management, MATH - Financial Analysis & Risk Management, MATH - Computing & Financial Management, MATH - Computer Science, MATH - Computational Mathematics, MATH - Combinatorics & Optimization, MATH - Business Administration, MATH - Bioinformatics, MATH - Applied Mathematics, MATH - Actuarial Science, ALL - MATH faculty, MATH - Math & Business",
2325,Facebook,"January 30, 2014",2:30 PM,4:30 PM,DC - 1301,,Co-op Students,"ALL - MATH faculty, ENG - System Design, ENG - Software, ENG - Electrical, ENG - Computer",
2217,Cisco SF,"January 30, 2014",5:00 PM,7:00 PM,DC 1301,,Co-op and Graduating Students,"ENG - Software, ALL - MATH faculty, ENG - Electrical, ENG - Computer",
2280,"A9, Subsidiary of Amazon","January 30, 2014",7:30 PM,9:00 PM,TC 2218,,Co-op Students,"MATH - Statistics, MATH - Computer Science, ENG - Software, ENG - Electrical, ENG - Computer",
2228,Counsyl,"January 31, 2014",11:30 AM,1:30 PM,Laurel Room,,Co-op and Graduating Students,"MATH - Computer Science, ENG - Software, ENG - Computer",
2321,Cigna Corporation,"February 3, 2014",11:30 AM,1:30 PM,DC- 1301,www.cigna.com,Co-op and Graduating Students,"MATH - Financial Analysis & Risk Management, MATH - Business Administration, ALL - MATH faculty, MATH - Actuarial Science, MASTERS - Actuarial Science",
2367,"PDT Partners, LLC **CANCELLED**","February 3, 2014",2:30 PM,4:30 PM,TC 2218,www.pdtpartners.com,Co-op Students,"MATH - Computer Science, ENG - System Design, ENG - Software, ENG - Mechatronics, ENG - Computer",
2259,"IBM Canada Ltd, Enterprise Wide Technology","February 3, 2014",5:00 PM,7:00 PM,TC 2218,www.ibm.com/start,Co-op and Graduating Students,"MATH - Math & Business, MATH - Information Technology Management, MATH - Computing & Financial Management, MATH - Computer Science, ENG - System Design, ENG - Software, ENG - Nanotechnology, ENG - Mechatronics, ENG - Management, ENG - Electrical, ENG - Computer","What to expect? Evening of learning, networking, refreshments & mingling.  Learn about the amazing opportunities and variety of roles IBM has to offer to both students and new grads. Hear about Watson, new directions and new initiatives from a long standing technology company!"
2314,Cisco,"February 4, 2014",11:30 AM,1:30 PM,SCH - Laurel Room,,Graduating Students,"MATH - Computer Science, ENG - Software, ENG - Electrical, ENG - Computer",
2315,National Instruments,"February 4, 2014",2:30 PM,4:30 PM,SCH - Laurel Room,,Co-op and Graduating Students,"SCI - Physics, ENG - Electrical, ENG - Computer, ALL - ENG faculty",
2253,Nulogy,"February 4, 2014",5:00 PM,7:00 PM,DC 1301,nulogy.com,Co-op and Graduating Students,"MATH - Computer Science, ENG - System Design, ENG - Software, ENG - Computer,  ALL - Info Tech",
2237,TripAdvisor,"February 4, 2014",7:30 PM,9:00 PM,TC 2218,,Co-op and Graduating Students,"ALL - MATH faculty, MATH - Mathematical Studies, MATH - Mathematical Optimization, MATH - Mathematical Finance, ENG - Software, MATH - Pure Mathematics, MATH - Mathematical Economics, ENG - Electrical, MATH - Computer Science, ENG - Computer, MATH - Applied Mathematics",
2393,Lookout Mobile Security,"February 5, 2014",5:00 PM,7:00 PM,TC 2218,www.lookout.com,Co-op and Graduating Students,"MATH - Computer Science, ENG - Software, ENG - Computer",
2246,Apple,"February 5, 2014",7:30 PM,9:00 PM,SLC - Multipupose Room,,Co-op and Graduating Students,"MATH - Computer Science, ENG - System Design, ENG - Mechanical, ENG - Electrical, ENG - Computer",
2323,SCOR Global Life Americas,"February 6, 2014",11:30 AM,1:30 PM,DC - 1301,www.scor.com,Co-op Students,"MATH - Mathematical Finance, MATH - Financial Analysis & Risk Management, MATH - Applied Mathematics, MATH - Actuarial Science, MASTERS - Actuarial Science",
2394,Canadian Security Intelligence Service,"February 6, 2014",11:30 AM,1:30 PM,DC 1302,www.csiscareers.ca,Co-op and Graduating Students,"ALL - ENG faculty, CA - Chartered Accounting, ARTS - Political Science, ARTS - Human Resources Management, ARTS - Arts & Business",
2297,Pinterest,"February 6, 2014",5:00 PM,7:00 PM,TC 2218,www.pinterest.com,Co-op and Graduating Students,"MATH - Computer Science, ENG - System Design, ENG - Software",
2327,Ultimate Software,"February 6, 2014",7:30 PM,9:00 PM,DC 1301,www.ultimatesoftwa,Co-op and Graduating Students,"MATH - Computer Science, MATH - Computational Mathematics, ENG - Software, ENG - Electrical, ENG - Computer",
2326,WSP Group,"February 7, 2014",11:30 AM,1:30 PM,SCH - Laurel Room,www.wspgroup.com,Co-op and Graduating Students,ALL - ENG faculty,
2310,Lime Connect,"February 10, 2014",11:30 AM,1:30 PM,TC 2218,,Co-op and Graduating Students, ALL - All,"Learn about Lime Connect and their programs for students who happen to have a disability as well as Whether, When and How to discuss disability in an employment situation. Location: Tatham Centre 2240"
2322,ContextLogic Inc,"February 10, 2014",7:30 PM,9:00 PM,TC 2218,www.wish.com/company,Co-op Students,"MATH - Computing & Financial Management, MATH - Computer Science, ENG - Software",
2320,Tata Consultancy Services Canada Inc.,"February 11, 2014",11:30 AM,1:30 PM,TC 2218,www.tcs.com,Graduating Students,"MATH - Computer Science, ENG - Software, ENG - Mechatronics, ENG - Electrical, ENG - Computer",
2351,Broadcom Corporation,"February 11, 2014",5:00 PM,7:00 PM,DC - 1301,www.broadcom.com,Co-op and Graduating Students,"ENG - System Design, ENG - Software, ENG - Mechatronics, ENG - Electrical, ENG - Computer",
2368,Information Technology Industry Panel ,"February 11, 2014",5:30 PM,7:30 PM,TC 2218,, Students,"MATH - Math & Business, MATH - Information Technology Management, MATH - Computer Science, ENG - System Design, ENG - Software, ENG - Management, ENG - Electrical, ENG - Computer,  ALL - Info Tech,  ALL - Business",What is the IT world like outside the Silicon Valley? Please sign up soon as space is limited.
2406,Microsoft Canada,"February 12, 2014",11:30 AM,1:30 PM,DC 1301,www.microsoft.com,Co-op and Graduating Students,"MATH - Information Technology Management, MATH - Computer Science, ALL - ENG faculty","You may have heard about Windows Azure (you know Microsoft\'s cloud offering) but wrote it off because you don\'t do .NET or even use Windows. Well in this lunch and learn you\'ll see how wrong you are. Windows Azure has support for Node.js, php, python, Linux VMs and more. You\'ll be shown quick and practical demos on using git to deploy your sites, how to setup a Linux VMs with SSH key authentication and more. You\'ll also learn about BizSpark, a program from Microsoft for all tech startups that includes free software, $150 a month for 3 years in hosting and even a one-time $5,000 a month for a year offer for select startups. Oh and there will be pizza too!"
2306,Genesys Telecommunications Laboratories Inc.,"February 12, 2014",5:00 PM,7:00 PM,DC 1301,,Co-op and Graduating Students,"MATH - Computer Science, ENG - Software, ENG - Computer","Join Genesys and save the world from bad customer service! Genesys is the world\'s leading provider of customer service and contact software - with more than 2,000 customers in 80 countries. On February 12th, from 5-7pm in the Davis Center Fishbowl, we invite co-op students of all levels to come out to this information session where you will have the opportunity to ask current and past co-ops as well as employers and current engineers about the different positions that are available. Please RSVP soon; pizza and drinks will be provided and swag will be given out."
2331,Rl Solutions,"February 12, 2014",7:30 PM,9:00 PM,DC 1301,www.rlsolutions.com,Co-op and Graduating Students,"ALL - ARTS faculty, ALL - SCI faculty, ALL - MATH faculty, ALL - ENV faculty, ALL - ENG faculty","RL Solutions is a healthcare software company where good people are doing great things. We invite co-op students and new graduates to join us to see what it is like to be a part of the RL team. You\'ll have the opportunity to hear from and speak with previous and current co-op students as well as other full-time staff. Plus, we have some amazing giveaways and tasty snacks. We hope you can join us!"
2374,Nascent,"February 13, 2014",12:30 PM,2:30 PM,SCH - Laurel Room,www.nascentdigital.com,Co-op Students,"MATH - Computer Science, ENG - Computer",
2232,Infusion,"February 13, 2014",5:00 PM,7:00 PM,TC 2218,www.infusion.com,Co-op and Graduating Students,"MATH - Computer Science, ENG - Computer",
2398,ModiFace,"February 14, 2014",11:30 AM,1:30 PM,DC - 1301,modiface.com,Co-op and Graduating Students,"MATH - Computer Science, ENG - System Design, ENG - Software, ENG - Electrical, ENG - Computer",
2414,The Jonah Group **CANCELLED**,"February 25, 2014",5:30 PM,7:00 PM,DC 1301,www.jonahgroup.com,Co-op and Graduating Students,"MATH - Computer Science, ENG - System Design, ENG - Software, ENG - Computer","Come find out what life is like at the Jonah Group. You\'ll have a chance to learn more about our business, work culture, what makes us unique (aka the people) and the life of a developer at Jonah. Here\'s a chance to schmooze with us and see if we are a good fit for you. Drinks and pizza will be provided."
2389,Architech,"February 26, 2014",11:30 AM,1:30 PM,TC 2218,www.architech.ca,Co-op and Graduating Students,"MATH - Computer Science, ENG - Software, ENG - Computer","Perks of working at Architech:  Check us out at architech.ca, and discover more about how we bring great ideas to life, faster."
2387,Grip Limited,"February 27, 2014",11:30 AM,1:30 PM,DC 1301,www.griplimited.com,Co-op and Graduating Students,"MATH - Math & Business, MATH - Computer Science, MATH - Business Administration, ENG - Computer",
2402,CH2M Hill Ltd.,"February 27, 2014",11:30 AM,1:30 PM,SCH - Laurel Room,www.ch2mhill.com,Co-op and Graduating Students,"ENG - Mechanical, ENG - Environmental, ENG - Civil, ENG - Chemical","CH2M HILL is looking forward to seeing you at our info session event. This is an opportunity for you to learn more about CH2M HILL and the exciting career opportunities we have to offer; including fulltime, internship and co-op positions. Stop by and meet our CH2M HILL representatives!"
2412,Yahoo,"March 4, 2014",11:30 AM,1:30 PM,DC 1302,www.careers.yahoo.com,Co-op and Graduating Students,"MATH - Information Technology Management, MATH - Computer Science, ENG - System Design, ENG - Software, ENG - Computer","Yahoo: Insane Scalability. At Yahoo we deal with tons of traffic and data. We need to move fast, with quality. At this talk we will cover Yahoo Advertising and Data Platforms - our architecture and how we address various problems that arise with high traffic and data volume. You will have the opportunity to talk to engineers and recruiters about internships and full-time opportunities. Bring a resume! Lunch provided."
2376,Deloitte,"March 4, 2014",4:30 PM,6:30 PM,SCH - Festival Room,,Co-op Students,CA - Chartered Accounting,
2288,Toyota,"March 6, 2014",4:00 PM,8:00 PM,"Sedra Student Design Centre, E5-1001",www.tmmc.ca,Co-op and Graduating Students,"ALL - SCI faculty, ALL - MATH faculty, ALL - ENV faculty, ALL - ENG faculty, ALL - ARTS faculty, ALL - AHS faculty","To all UWaterloo Co-op and Graduating students, come and join us in an informal networking session and get to know some team members from Toyota Motor Manufacturing Inc. (TMMC): We will have a number of former UW Co-op students and recruitment team members, to meet with you and chat about TMMC Co-op work terms and the opportunities that await you upon graduation."
2408,Rogers Ventures **CANCELLED**,"March 11, 2014",4:00 PM,5:00 PM,SCH - Laurel Room,www.vicinityrewards.ca,Co-op and Graduating Students,"CA - Chartered Accounting, CA - Accounting, ARTS - Accounting & Financial Management, ARTS - Arts & Business",
2390,TransCanada,"March 13, 2014",5:30 PM,7:30 PM,Engineering 5 - Room 3102 (LiveLink),http://transcanada.com/,Co-op Students,ALL - ENG faculty,
2435,Centerline (Windsor) Limited,"March 21, 2014",11:30 AM,1:30 PM,TC 2218,www.cntrline.com,Graduating Students,"ENG - Mechatronics, ENG - Mechanical, ENG - Electrical","Attention Engineering students (Mechanical, Weld, Electrical) and Materials Science students - come and join Centerline (Windsor) Limited for an information and networking session. You will have the opportunity to learn about our company and talk about coop work terms and full time careers that are available. Pizza and refreshments will be served."
2422,PwC,"March 24, 2014",5:00 PM,7:00 PM,TC 2218,www.pwc.com,Co-op Students,"CA - Chartered Accounting, CA - Accounting, ARTS - Financial Management","The opportunity of a lifetime. Your career is just that, yours. You choose it. You live it. You make it happen. To get the best from it, you need the best opportunities. That\'s why opportunities are at the heart of PwC careers. Opportunities to grow as an individual, to work flexibly, to build lasting relationships and make an impact in a place where people, quality and value mean everything. If you\'re in your first or second year of an undergraduate business program looking to specialize in accounting, then this is your opportunity of a lifetime. Apply now to experience PwC\'s Talent Academy held June 16-18, 2014. We guarantee that this event will help you shine during fall CPA recruiting. This is an opportunity to connect with our people from our CEO and leadership partners, to our staff from offices across Canada during our networking events and fun activities. Sharpen your leadership, teamwork and communication skills via experiential learning activities, interactive workshops and team-based challenges. "
2413,KPMG LLP,"March 25, 2014",5:00 PM,7:00 PM,SCH - Festival Room,,Co-op Students,"CA - Chartered Accounting, CA - Accounting, ARTS - Financial Management","Executive Look is an exclusive event hosted at our downtown Toronto office that connects today\'s best and brightest student leaders to members of KPMG\'s executive management teams. It is available to top students nationally; and if selected, you will be introduced to our functions, the programs we offer, KPMG executives and you will get the opportunity to participate in interactive workshops, team activities and roundtable discussions. By participating in Executive Look you can cultivate relationships with top students from across Canada and with KPMG professionals. By immersing yourself in the event you will get an inside look at what a career with KPMG may hold, and find that it\'s a great place for you to discover your potential."
2425,CIBC Technology,"March 25, 2014",7:30 PM,9:00 PM,DC 1301,www.cibc.com/careers,Graduating Students,"ALL - MATH faculty, ALL - ENG faculty",Attention Math and Engineering graduating students - come and meet CIBC\'s Distribution Technology & Channel Strategy team and learn about our Mobile Developer new graduate opportunities!
2437,RDA Insurance,"March 26, 2014",11:30 AM,1:30 PM,TC 2218,www.rdainsurance.com,Graduating Students,"SCI - Science & Business, MATH - Mathematical Economics, MATH - Business Administration, ARTS - Arts & Business, ALL - ARTS faculty",
2438,Maluuba,"March 27, 2014",7:30 PM,9:00 PM,TC 2218,http://www.maluuba.com/,Co-op and Graduating Students,"MATH - Computer Science, ALL - MATH faculty, ENG - System Design, ENG - Software, ALL - ENG faculty","At Maluuba, we\'re developing revolutionary search technology at the forefront of the Natural Language Processing (NLP) movement used by millions of people around the world. We solve new problems every day in a fun, fast-paced environment. The atmosphere is friendly and lighthearted while remaining productive. If you look around our office, you\'ll see lots of food and drinks alongside a huge variety of the latest gadgets and devices. When we\'re not heads-down and hard at work, our employees often play ping-pong or foosball in the office. We even have weekly Maluuba soccer games and movie nights.  As a Software Engineer, you will directly impact our core products and services and will be working in either (i) Labs/Mobile, (ii) Platform, (iii) NLP, or (iv) Machine Learning, depending on your background and experience. Come join us and help invent the future!"
